,metric,value
18576,Middle-Accuracy,1.0
18577,Accuracy,0.9458333333333333
18578,Kappa,0.8916666666666666
18579,Truncated Kappa,0.8916666666666666
18580,Slot-Filling-Accuracy,1.0
18581,Main Score,94.27312775330397
18582,Aborted,0.0
18583,Lose,1.0
18584,Success,0.0
18585,Request Count,255.0
18586,Parsed Request Count,255.0
18587,Violated Request Count,0.0
18588,Request Success Ratio,1.0
34091,Played,1.0
