,metric,value
18589,Middle-Accuracy,0.8666666666666667
18590,Accuracy,0.9458333333333333
18591,Kappa,0.8916666666666666
18592,Truncated Kappa,0.8916666666666666
18593,Slot-Filling-Accuracy,1.0
18594,Main Score,94.27312775330397
18595,Aborted,0.0
18596,Lose,1.0
18597,Success,0.0
18598,Request Count,255.0
18599,Parsed Request Count,255.0
18600,Violated Request Count,0.0
18601,Request Success Ratio,1.0
34092,Played,1.0
