,metric,value
19878,Middle-Accuracy,0.8
19879,Accuracy,0.8666666666666667
19880,Kappa,0.7333333333333334
19881,Truncated Kappa,0.7333333333333334
19882,Slot-Filling-Accuracy,1.0
19883,Main Score,84.61538461538461
19884,Aborted,0.0
19885,Lose,1.0
19886,Success,0.0
19887,Request Count,255.0
19888,Parsed Request Count,255.0
19889,Violated Request Count,0.0
19890,Request Success Ratio,1.0
34195,Played,1.0
