episode,Aborted,Accuracy,Kappa,Lose,Main Score,Middle-Accuracy,Parsed Request Count,Played,Request Count,Request Success Ratio,Slot-Filling-Accuracy,Success,Truncated Kappa,Violated Request Count
episode_0,0.0,0.9541666666666667,0.9083333333333333,1.0,95.19650655021834,0.9333333333333333,255.0,1.0,255.0,1.0,1.0,0.0,0.9083333333333333,0.0
episode_1,0.0,0.925,0.85,1.0,91.89189189189189,0.9333333333333333,255.0,1.0,255.0,1.0,1.0,0.0,0.85,0.0
episode_2,0.0,0.9375,0.875,1.0,93.33333333333333,0.8,255.0,1.0,255.0,1.0,1.0,0.0,0.875,0.0
episode_4,0.0,0.8333333333333334,0.6666666666666667,1.0,80.0,0.8666666666666667,255.0,1.0,255.0,1.0,1.0,0.0,0.6666666666666667,0.0
episode_5,0.0,0.9416666666666667,0.8833333333333333,1.0,93.80530973451327,0.9333333333333333,255.0,1.0,255.0,1.0,1.0,0.0,0.8833333333333333,0.0
episode_6,0.0,0.8666666666666667,0.7333333333333334,1.0,84.61538461538461,0.8,255.0,1.0,255.0,1.0,1.0,0.0,0.7333333333333334,0.0
episode_7,0.0,0.7833333333333333,0.5666666666666667,1.0,72.34042553191489,0.5333333333333333,255.0,1.0,255.0,1.0,1.0,0.0,0.5666666666666667,0.0
episode_8,0.0,0.9125,0.825,1.0,90.41095890410958,0.8666666666666667,255.0,1.0,255.0,1.0,1.0,0.0,0.825,0.0
episode_9,0.0,0.9,0.8,1.0,88.8888888888889,0.8666666666666667,255.0,1.0,255.0,1.0,1.0,0.0,0.8,0.0
