,metric,value
18680,Middle-Accuracy,0.8666666666666667
18681,Accuracy,0.9291666666666667
18682,Kappa,0.8583333333333334
18683,Truncated Kappa,0.8583333333333334
18684,Slot-Filling-Accuracy,1.0
18685,Main Score,92.37668161434978
18686,Aborted,0.0
18687,Lose,1.0
18688,Success,0.0
18689,Request Count,255.0
18690,Parsed Request Count,255.0
18691,Violated Request Count,0.0
18692,Request Success Ratio,1.0
34099,Played,1.0
